date,AAPL,MSFT,XOM,BP
2020-01-02,75.0875,160.62,70.9,38.14
2020-01-03,74.3575,158.62,70.33,38.83
2020-01-06,74.95,159.03,70.87,39.85
2020-01-07,74.5975,157.58,70.29,39.43
2020-01-08,75.7975,160.09,69.23,38.83
2020-01-09,77.4075,162.09,69.76,38.96
2020-01-10,77.5825,161.34,69.14,38.74
2020-01-13,79.24,163.28,69.8,38.8
2020-01-14,78.17,162.13,69.2,38.82
2020-01-15,77.835,163.18,69.09,38.71
2020-01-16,78.81,166.17,68.82,38.84
2020-01-17,79.6825,167.1,68.56,38.77
2020-01-21,79.1425,166.5,67.58,38.32
2020-01-22,79.425,165.7,67.19,37.88
2020-01-23,79.8075,166.72,66.77,38.2
2020-01-24,79.5775,165.04,66.32,38.13
2020-01-27,77.2375,162.28,64.74,37.44
2020-01-28,79.4225,165.46,64.65,37.41
2020-01-29,81.085,168.04,64.11,37.17
2020-01-30,80.9675,172.78,64.79,37.03
2020-01-31,77.3775,170.23,62.12,36.13
2020-02-03,77.165,174.38,60.73,35.23
2020-02-04,79.7125,180.12,59.97,36.5
2020-02-05,80.3625,179.9,62.73,37.67
2020-02-06,81.3025,183.63,61.88,36.88
2020-02-07,80.0075,183.89,61.47,36.37
2020-02-10,80.3875,188.7,59.96,36.19
2020-02-11,79.9025,184.44,60.53,36.55
2020-02-12,81.8,184.71,61.27,37.17
2020-02-13,81.2175,183.71,60.93,36.18
2020-02-14,81.2375,185.35,60.65,36.0
2020-02-18,79.75,187.23,59.88,36.09
2020-02-19,80.905,187.28,60.34,36.25
2020-02-20,80.075,184.42,59.86,35.98
2020-02-21,78.2625,178.59,59.13,35.36
2020-02-24,74.545,170.89,56.36,34.06
2020-02-25,72.02,168.07,54.2,32.93
2020-02-26,73.1625,170.17,53.01,32.68
2020-02-27,68.38,158.18,49.82,31.53
2020-02-28,68.34,162.01,51.44,31.29
2020-03-02,74.7025,172.79,53.88,32.23
2020-03-03,72.33,164.51,51.3,31.92
2020-03-04,75.685,170.55,52.42,33.14
2020-03-05,73.23,166.27,50.11,32.6
2020-03-06,72.2575,161.57,47.69,31.25
2020-03-09,66.5425,150.62,41.86,25.28
2020-03-10,71.335,160.92,43.41,26.79
2020-03-11,68.8575,153.63,41.98,24.66
2020-03-12,62.0575,139.06,37.18,21.57
2020-03-13,69.4925,158.83,38.12,22.17
2020-03-16,60.5525,135.42,34.49,18.84
2020-03-17,63.215,146.57,36.81,18.84
2020-03-18,61.6675,140.4,33.12,16.11
2020-03-19,61.195,142.71,34.43,17.0
2020-03-20,57.31,137.35,32.74,17.39
2020-03-23,56.0925,135.98,31.45,18.19
2020-03-24,61.72,148.34,35.44,22.12
2020-03-25,61.38,146.92,37.29,24.29
2020-03-26,64.61,156.11,38.82,24.42
2020-03-27,61.935,149.7,36.95,22.35
2020-03-30,63.7025,160.23,37.5,23.92
2020-03-31,63.5725,157.71,37.97,24.39
2020-04-01,60.2275,152.11,37.53,24.37
2020-04-02,61.2325,155.26,40.4,26.03
2020-04-03,60.3525,153.83,39.21,24.72
2020-04-06,65.6175,165.27,40.47,25.05
2020-04-07,64.8575,163.49,41.24,24.8
2020-04-08,66.5175,165.13,43.85,25.39
2020-04-09,66.9975,165.14,43.13,24.9
2020-04-13,68.3125,165.51,42.76,24.91
2020-04-14,71.7625,173.7,42.43,24.44
2020-04-15,71.1075,171.88,40.48,22.84
2020-04-16,71.6725,177.04,39.15,21.85
2020-04-17,70.7,178.6,43.22,23.43
2020-04-20,69.2325,175.06,41.18,22.35
2020-04-21,67.0925,167.82,40.96,21.64
2020-04-22,69.025,173.52,42.13,23.33
2020-04-23,68.7575,171.42,43.45,23.38
2020-04-24,70.7425,174.55,43.73,23.39
2020-04-27,70.7925,174.05,43.94,24.31
2020-04-28,69.645,169.81,44.97,24.16
2020-04-29,71.9325,177.43,47.46,25.43
2020-04-30,73.45,179.21,46.47,23.8
2020-05-01,72.2675,174.57,43.14,22.83
2020-05-04,73.29,178.84,44.88,23.25
2020-05-05,74.39,180.76,44.83,23.87
2020-05-06,75.1575,182.54,43.99,23.58
2020-05-07,75.935,183.6,44.24,24.06
2020-05-08,77.5325,184.68,46.18,24.03
2020-05-11,78.7525,186.74,45.74,23.5
2020-05-12,77.8525,182.51,44.12,23.06
2020-05-13,76.9125,179.75,41.93,22.23
2020-05-14,77.385,180.53,42.3,22.14
2020-05-15,76.9275,183.16,42.0,21.82
2020-05-18,78.74,184.91,45.34,23.51
2020-05-19,78.285,183.63,43.94,22.91
2020-05-20,79.8075,185.66,45.37,23.62
2020-05-21,79.2125,183.43,44.56,23.38
2020-05-22,79.7225,183.51,44.6,22.98
2020-05-26,79.1825,181.57,45.91,23.26
2020-05-27,79.5275,181.81,46.24,23.93
2020-05-28,79.5625,181.4,45.04,23.26
2020-05-29,79.485,183.25,45.47,23.14
2020-06-01,80.4625,182.83,46.28,23.84
2020-06-02,80.835,184.91,47.31,24.95
2020-06-03,81.28,185.36,49.24,25.9
2020-06-04,80.58,182.92,49.1,25.69
2020-06-05,82.875,187.2,53.08,27.71
2020-06-08,83.365,188.36,54.74,28.38
2020-06-09,85.9975,189.8,53.52,27.34
2020-06-10,88.21,196.84,50.65,26.38
2020-06-11,83.975,186.27,46.18,24.07
2020-06-12,84.7,187.74,47.17,24.75
2020-06-15,85.7475,188.94,47.14,24.36
2020-06-16,88.02,193.57,48.2,24.55
2020-06-17,87.8975,194.24,46.63,23.7
2020-06-18,87.9325,196.32,46.92,23.69
2020-06-19,87.43,195.15,45.98,23.67
2020-06-22,89.7175,200.57,46.42,23.87
2020-06-23,91.6325,201.91,46.7,24.17
2020-06-24,90.015,197.84,44.5,23.14
2020-06-25,91.21,200.34,45.17,23.5
2020-06-26,88.4075,196.33,43.62,22.76
2020-06-29,90.445,198.44,44.32,23.48
2020-06-30,91.2,203.51,44.72,23.32
2020-07-01,91.0275,204.7,43.71,23.21
2020-07-02,91.0275,206.26,44.08,23.41
2020-07-06,93.4625,210.7,44.39,23.64
2020-07-07,93.1725,208.25,43.24,23.02
2020-07-08,95.3425,212.83,43.14,23.16
2020-07-09,95.6825,214.32,41.36,22.05
2020-07-10,95.92,213.67,42.65,22.46
2020-07-13,95.4775,207.07,42.66,22.46
2020-07-14,97.0575,208.35,44.07,23.28
2020-07-15,97.725,208.04,44.63,23.81
2020-07-16,96.5225,203.92,44.28,23.72
2020-07-17,96.3275,202.88,43.52,23.25
2020-07-20,98.3575,211.6,42.5,22.94
2020-07-21,97.0,208.75,44.65,24.09
2020-07-22,97.2725,211.75,43.61,23.45
2020-07-23,92.845,202.54,43.7,23.22
2020-07-24,92.615,201.3,43.43,22.93
2020-07-27,94.81,203.85,44.07,23.14
2020-07-28,93.2525,202.02,43.55,22.82
2020-07-29,95.04,204.06,44.03,23.22
2020-07-30,96.19,203.9,41.87,22.44
2020-07-31,106.26,205.01,42.08,22.04
2020-08-03,108.938,216.54,42.25,22.09
2020-08-04,109.665,213.29,43.47,23.74
2020-08-05,110.063,212.94,43.85,23.95
2020-08-06,113.903,216.35,43.64,23.26
2020-08-07,111.113,212.48,43.44,22.98
2020-08-10,112.728,208.25,44.51,23.5
2020-08-11,109.375,203.38,44.97,23.81
2020-08-12,113.01,209.19,44.09,24.26
2020-08-13,115.01,208.7,43.01,23.45
2020-08-14,114.908,208.9,43.2,22.99
2020-08-17,114.608,210.28,42.64,22.75
2020-08-18,115.563,211.49,42.43,22.36
2020-08-19,115.7075,209.7,41.96,22.24
2020-08-20,118.275,214.58,41.32,21.96
2020-08-21,124.37,213.02,41.01,21.46
2020-08-24,125.858,213.69,42.22,21.91
2020-08-25,124.825,216.47,40.88,21.62
2020-08-26,126.523,221.15,40.01,21.38
2020-08-27,125.01,226.58,39.74,21.14
2020-08-28,124.808,228.91,40.69,21.38
2020-08-31,129.04,225.53,39.94,20.93
2020-09-01,134.18,227.27,39.43,20.77
2020-09-02,131.4,231.65,39.19,20.57
2020-09-03,120.88,217.3,39.11,20.61
2020-09-04,120.96,214.25,39.08,20.54
2020-09-08,112.82,202.66,38.18,20.15
2020-09-09,117.32,211.29,37.95,20.32
2020-09-10,113.49,205.37,37.0,19.91
2020-09-11,112.0,204.03,36.9,20.06
2020-09-14,115.355,205.41,36.66,19.84
2020-09-15,115.54,208.78,36.27,19.66
2020-09-16,112.13,205.05,37.81,19.96
2020-09-17,110.34,202.91,37.8,19.56
2020-09-18,106.84,200.39,37.19,18.88
2020-09-21,110.08,202.54,36.43,18.32
2020-09-22,111.81,207.42,35.53,18.48
2020-09-23,107.12,200.59,34.39,17.97
2020-09-24,108.22,203.19,34.32,17.93
2020-09-25,112.28,207.82,34.64,17.86
2020-09-28,114.96,209.44,35.31,18.18
2020-09-29,114.09,207.26,34.28,17.67
2020-09-30,115.81,210.33,34.33,17.46
2020-10-01,116.79,212.46,33.13,16.83
2020-10-02,113.02,206.19,32.98,16.85
2020-10-05,116.5,210.38,33.74,17.19
2020-10-06,113.16,205.91,33.39,16.93
2020-10-07,115.08,209.83,33.5,17.03
2020-10-08,114.97,210.58,35.26,17.49
2020-10-09,116.97,215.81,34.74,17.36
2020-10-12,124.4,221.4,34.63,17.24
2020-10-13,121.1,222.86,34.22,16.68
2020-10-14,121.19,220.86,34.15,16.59
2020-10-15,120.71,219.66,34.45,16.44
2020-10-16,119.02,219.66,34.1,16.25
2020-10-19,115.98,214.22,33.42,16.03
2020-10-20,117.51,214.65,33.7,16.15
2020-10-21,116.87,214.8,33.16,15.83
2020-10-22,115.75,214.89,34.86,16.1
2020-10-23,115.04,216.23,34.16,16.05
2020-10-26,115.05,210.08,33.35,15.8
2020-10-27,116.6,213.25,32.82,15.38
2020-10-28,111.2,202.68,31.57,14.9
2020-10-29,115.32,204.72,32.97,15.26
2020-10-30,108.86,202.47,32.62,15.48
2020-11-02,108.77,202.33,33.99,16.1
2020-11-03,110.44,206.43,33.41,16.18
2020-11-04,114.95,216.39,33.23,16.13
2020-11-05,119.03,223.29,33.17,15.83
2020-11-06,118.69,223.72,32.78,15.64
2020-11-09,116.32,218.39,36.93,18.08
2020-11-10,115.97,211.01,36.86,19.1
2020-11-11,119.49,216.55,36.48,18.88
2020-11-12,119.21,215.44,35.23,18.28
2020-11-13,119.26,216.51,36.08,18.8
2020-11-16,120.3,217.23,38.16,19.76
2020-11-17,119.39,214.46,38.67,20.05
2020-11-18,118.03,211.08,37.21,19.56
2020-11-19,118.64,212.42,37.4,19.53
2020-11-20,117.34,210.39,36.94,19.49
2020-11-23,113.85,210.11,39.36,20.41
2020-11-24,115.17,213.86,41.98,21.86
2020-11-25,116.03,213.87,40.81,21.41
2020-11-27,116.59,215.23,40.19,21.1
2020-11-30,119.05,214.07,38.13,19.56
2020-12-01,122.72,216.21,38.5,20.24
2020-12-02,123.08,215.37,39.94,21.07
2020-12-03,122.94,214.24,40.21,21.36
2020-12-04,122.25,214.36,41.68,22.27
2020-12-07,123.75,214.29,40.9,21.68
2020-12-08,124.38,216.01,42.24,21.79
2020-12-09,121.78,211.8,42.8,21.9
2020-12-10,123.24,210.52,44.01,22.41
2020-12-11,122.41,213.26,43.8,22.03
2020-12-14,121.78,214.2,42.22,21.36
2020-12-15,127.88,214.13,43.04,21.94
2020-12-16,127.81,219.28,43.7,21.83
2020-12-17,128.7,219.42,43.48,21.9
2020-12-18,126.655,218.59,42.73,21.74
2020-12-21,128.23,222.59,41.95,20.68
2020-12-22,131.88,223.94,41.24,20.48
2020-12-23,130.96,221.02,41.77,21.21
2020-12-24,131.97,222.75,41.6,21.06
2020-12-28,136.69,224.96,41.74,20.99
2020-12-29,134.87,224.15,41.27,21.07
2020-12-30,133.72,221.68,41.6,21.03
2020-12-31,132.69,222.42,41.22,20.52
2021-01-04,129.41,217.69,41.5,20.83
2021-01-05,131.01,217.9,43.5,22.38
2021-01-06,126.6,212.25,44.61,23.41
2021-01-07,130.92,218.29,44.96,23.91
2021-01-08,132.05,219.62,45.46,24.4
2021-01-11,128.98,217.49,46.84,24.38
2021-01-12,128.8,214.93,47.88,25.01
2021-01-13,130.89,216.34,48.42,24.78
2021-01-14,128.91,213.02,50.31,25.47
2021-01-15,127.14,212.65,47.89,24.26
2021-01-19,127.83,216.44,48.84,24.65
2021-01-20,132.03,224.34,49.53,24.81
2021-01-21,136.87,224.97,48.11,24.02
2021-01-22,139.07,225.95,47.43,23.87
2021-01-25,142.92,229.53,46.9,23.07
2021-01-26,143.16,232.33,45.87,23.03
2021-01-27,142.06,232.9,45.35,22.73
2021-01-28,137.09,238.93,46.06,22.86
2021-01-29,131.96,231.96,44.84,22.22
2021-02-01,134.14,239.65,44.92,22.21
2021-02-02,134.99,239.51,45.63,20.75
2021-02-03,133.94,243.0,47.42,21.27
2021-02-04,137.39,242.01,48.33,20.99
2021-02-05,136.76,242.2,49.95,20.81
2021-02-08,136.91,242.47,52.1,22.03
2021-02-09,136.01,243.77,50.63,21.73
2021-02-10,135.39,242.82,51.12,21.58
2021-02-11,135.13,244.49,49.84,21.37
2021-02-12,135.37,244.99,50.52,21.91
2021-02-16,133.19,243.7,52.04,23.18
2021-02-17,130.84,244.2,52.85,23.58
2021-02-18,129.71,243.79,52.02,22.46
2021-02-19,129.87,240.97,52.37,22.87
2021-02-22,126.0,234.51,54.3,23.63
2021-02-23,125.86,233.27,55.05,24.23
2021-02-24,125.35,234.55,56.7,25.3
2021-02-25,120.99,228.99,55.76,25.59
2021-02-26,121.26,232.38,54.37,24.41
2021-03-01,127.79,236.94,56.4,24.58
2021-03-02,125.12,233.87,56.07,24.77
2021-03-03,122.06,227.56,56.52,25.58
2021-03-04,120.13,226.73,58.71,26.03
2021-03-05,121.42,231.6,60.93,26.77
2021-03-08,116.36,227.39,60.87,26.54
2021-03-09,121.085,233.78,59.93,26.11
2021-03-10,119.98,232.42,61.77,26.65
2021-03-11,121.96,237.13,61.31,26.65
2021-03-12,121.03,235.75,61.97,26.96
2021-03-15,123.99,234.81,60.39,26.49
2021-03-16,125.57,237.71,59.11,26.08
2021-03-17,124.76,237.04,59.37,26.47
2021-03-18,120.53,230.72,56.81,25.41
2021-03-19,119.99,230.35,56.49,25.44
2021-03-22,123.39,235.99,55.91,25.35
2021-03-23,122.54,237.58,55.22,24.06
2021-03-24,120.09,235.46,56.34,24.75
2021-03-25,120.59,232.34,56.18,24.57
2021-03-26,121.21,236.48,57.71,25.23
2021-03-29,121.39,235.24,57.4,25.18
2021-03-30,119.9,231.85,56.69,24.88
2021-03-31,122.15,235.77,55.83,24.35
2021-04-01,123.0,242.35,57.39,24.58
2021-04-05,125.9,249.07,56.5,24.26
2021-04-06,126.21,247.86,56.34,25.1
2021-04-07,127.9,249.9,56.59,25.37
2021-04-08,130.36,253.25,56.0,24.72
2021-04-09,132.995,255.85,55.87,24.39
2021-04-12,131.24,255.91,55.5,24.62
2021-04-13,134.43,258.49,55.71,24.62
2021-04-14,132.03,255.59,57.32,25.54
2021-04-15,134.5,259.5,56.98,25.2
2021-04-16,134.16,260.74,56.66,25.18
2021-04-19,134.84,258.74,56.48,25.31
2021-04-20,133.11,258.26,55.29,24.78
2021-04-21,133.5,260.58,56.0,24.96
2021-04-22,131.94,257.17,55.27,24.34
2021-04-23,134.32,261.15,55.57,24.52
2021-04-26,134.72,261.55,55.68,24.92
2021-04-27,134.39,261.97,56.41,24.94
2021-04-28,133.58,254.56,58.11,25.64
2021-04-29,133.48,252.51,58.94,25.5
2021-04-30,131.46,252.18,57.24,25.16
2021-05-03,132.54,251.86,58.82,25.69
2021-05-04,127.85,247.79,59.19,25.92
2021-05-05,128.1,246.47,60.97,26.78
2021-05-06,129.74,249.73,61.55,26.5
2021-05-07,130.21,252.46,62.43,26.73
2021-05-10,126.85,247.18,62.58,26.62
2021-05-11,125.91,246.23,60.59,25.97
2021-05-12,122.77,239.0,60.04,26.19
2021-05-13,124.97,243.03,59.3,25.89
2021-05-14,127.45,248.15,60.77,26.65
2021-05-17,126.27,245.18,62.19,27.08
2021-05-18,124.85,243.08,60.43,26.86
2021-05-19,124.69,243.12,58.98,26.18
2021-05-20,127.31,246.48,58.84,26.52
2021-05-21,125.43,245.17,58.92,26.52
2021-05-24,127.1,250.78,59.61,27.02
2021-05-25,126.9,251.72,58.26,26.28
2021-05-26,126.85,251.49,58.94,26.31
2021-05-27,125.28,249.31,58.56,26.28
2021-05-28,124.61,249.68,58.37,26.23
2021-06-01,124.28,247.4,60.46,27.02
2021-06-02,125.06,247.3,60.94,27.63
2021-06-03,123.54,245.71,61.18,27.76
2021-06-04,125.89,250.79,61.45,27.44
2021-06-07,125.9,253.81,61.05,27.26
2021-06-08,126.74,252.57,62.13,27.73
2021-06-09,127.13,253.59,62.65,27.59
2021-06-10,126.11,257.24,62.75,27.51
2021-06-11,127.35,257.89,62.17,27.54
2021-06-14,130.48,259.89,62.07,28.04
2021-06-15,129.64,258.36,64.33,28.38
2021-06-16,130.15,257.38,64.1,27.93
2021-06-17,131.79,260.9,61.99,27.18
2021-06-18,130.46,259.43,60.4,26.1
2021-06-21,132.3,262.63,62.59,26.94
2021-06-22,133.98,265.51,63.79,27.15
2021-06-23,133.7,265.275,64.26,27.23
2021-06-24,133.41,266.69,64.52,27.32
2021-06-25,133.11,265.02,64.66,27.32
2021-06-28,134.78,268.72,63.01,26.46
2021-06-29,136.33,271.4,62.62,26.27
2021-06-30,136.96,270.9,63.08,26.42
2021-07-01,137.27,271.6,63.26,27.08
2021-07-02,139.96,277.65,63.17,26.98
2021-07-06,142.02,277.66,61.37,25.97
2021-07-07,144.57,279.93,60.41,25.73
2021-07-08,143.24,277.42,60.14,25.58
2021-07-09,145.11,277.94,61.23,26.01
2021-07-12,144.5,277.32,61.17,25.88
2021-07-13,145.64,280.98,60.88,25.58
2021-07-14,149.15,282.51,59.53,25.23
2021-07-15,148.48,281.03,58.95,24.65
2021-07-16,146.39,280.75,57.32,23.87
2021-07-19,142.45,277.01,55.35,23.09
2021-07-20,146.15,279.32,55.96,23.11
2021-07-21,145.4,281.4,57.76,23.91
2021-07-22,146.8,286.14,57.11,23.63
2021-07-23,148.56,289.67,57.04,23.54
2021-07-26,148.99,289.05,58.48,24.33
2021-07-27,146.77,286.54,57.83,24.25
2021-07-28,144.98,286.22,58.22,24.4
2021-07-29,145.64,286.5,58.93,24.63
2021-07-30,145.86,284.91,57.57,24.18
2021-08-02,145.52,284.82,57.58,24.08
2021-08-03,147.36,287.12,58.2,25.69
2021-08-04,146.95,286.51,56.84,25.06
2021-08-05,147.06,289.52,57.2,25.34
2021-08-06,146.14,289.46,57.86,25.56
2021-08-09,146.09,288.33,57.2,25.28
2021-08-10,145.6,286.44,58.18,25.88
2021-08-11,145.86,286.95,58.35,26.07
2021-08-12,148.89,289.81,57.35,25.67
2021-08-13,149.1,292.85,56.77,25.22
2021-08-16,151.12,294.6,55.94,24.73
2021-08-17,150.19,293.08,55.56,24.77
2021-08-18,146.36,290.73,54.39,24.35
2021-08-19,146.7,296.77,52.73,23.56
2021-08-20,148.19,304.36,52.74,23.64
2021-08-23,149.71,304.65,54.91,24.39
2021-08-24,149.62,302.62,55.36,24.65
2021-08-25,148.36,302.01,55.46,24.63
2021-08-26,147.54,299.09,54.71,24.3
2021-08-27,148.6,299.72,55.77,24.94
2021-08-30,153.12,303.59,55.16,24.7
2021-08-31,151.83,301.88,54.52,24.46
2021-09-01,152.51,301.83,53.77,24.31
2021-09-02,153.65,301.15,55.08,24.84
2021-09-03,154.3,301.14,54.87,24.78
2021-09-07,156.69,300.18,54.55,24.59
2021-09-08,155.11,300.21,54.05,24.42
2021-09-09,154.07,297.25,54.09,24.31
2021-09-10,148.97,295.71,53.98,24.5
2021-09-13,149.55,296.99,55.37,25.04
2021-09-14,148.12,299.79,54.58,24.65
2021-09-15,149.03,304.82,56.42,25.77
2021-09-16,148.79,305.22,55.82,25.34
2021-09-17,146.06,299.87,55.16,25.24
2021-09-20,142.94,294.3,53.69,24.83
2021-09-21,143.43,294.8,53.64,25.23
2021-09-22,145.85,298.58,55.21,25.65
2021-09-23,146.83,299.56,57.08,26.16
2021-09-24,146.92,299.35,57.59,26.24
2021-09-27,145.37,294.17,59.3,27.08
2021-09-28,141.91,283.52,59.92,27.24
2021-09-29,142.83,284.0,59.88,27.11
2021-09-30,141.5,281.92,58.82,27.33
2021-10-01,142.65,289.1,60.93,27.6
2021-10-04,139.14,283.11,61.72,28.01
2021-10-05,141.11,288.76,61.62,28.42
2021-10-06,142.0,293.11,60.49,28.11
2021-10-07,143.29,294.85,60.66,28.23
2021-10-08,142.9,294.85,62.18,28.87
2021-10-11,142.81,294.23,61.56,29.1
2021-10-12,141.51,292.88,61.24,29.1
2021-10-13,140.91,296.31,61.07,29.19
2021-10-14,143.76,302.75,62.0,29.45
2021-10-15,144.84,304.21,62.59,29.93
2021-10-18,146.55,307.29,62.56,29.71
2021-10-19,148.76,308.23,63.5,29.86
2021-10-20,149.26,307.41,63.85,30.13
2021-10-21,149.48,310.76,62.69,29.44
2021-10-22,148.69,309.16,63.12,29.51
2021-10-25,148.64,308.13,64.35,29.71
2021-10-26,149.32,310.11,65.84,29.64
2021-10-27,148.85,323.17,64.13,29.25
2021-10-28,152.57,324.35,64.31,29.22
2021-10-29,149.8,331.62,64.47,28.79
2021-11-01,148.96,329.37,65.63,29.28
2021-11-02,150.02,333.13,64.82,27.94
2021-11-03,151.49,334.0,63.93,27.26
2021-11-04,150.96,336.44,64.41,27.31
2021-11-05,151.28,336.06,65.02,27.85
2021-11-08,150.44,336.99,65.72,28.02
2021-11-09,150.81,335.95,66.36,28.2
2021-11-10,147.92,330.8,64.19,27.42
2021-11-11,147.87,332.43,64.31,27.41
2021-11-12,149.99,336.72,63.82,27.38
2021-11-15,150.0,336.07,64.37,27.55
2021-11-16,151.0,339.51,65.02,27.67
2021-11-17,153.49,339.12,64.31,27.43
2021-11-18,157.87,341.27,63.61,27.29
2021-11-19,160.55,343.11,60.67,26.23
2021-11-22,161.02,339.83,61.51,26.66
2021-11-23,161.41,337.68,63.13,27.46
2021-11-24,161.94,337.91,63.48,27.65
2021-11-26,156.81,329.68,61.25,25.96
2021-11-29,160.24,336.63,61.59,26.18
2021-11-30,165.3,330.59,59.84,25.96
2021-12-01,164.77,330.08,59.79,25.74
2021-12-02,163.76,329.49,61.28,27.06
2021-12-03,161.84,323.01,60.89,26.91
2021-12-06,165.32,326.19,61.58,27.33
2021-12-07,171.18,334.92,62.27,27.54
2021-12-08,175.08,334.97,62.45,27.5
2021-12-09,174.56,333.1,62.61,27.16
2021-12-10,179.45,342.54,63.01,27.41
2021-12-13,175.74,339.4,61.63,26.59
2021-12-14,174.33,328.34,61.54,26.55
2021-12-15,179.3,334.65,61.27,26.62
2021-12-16,172.26,324.9,61.37,26.73
2021-12-17,171.14,323.8,60.03,26.3
2021-12-20,169.75,319.91,59.16,25.65
2021-12-21,172.99,327.29,60.5,26.43
2021-12-22,175.64,333.2,60.99,26.77
2021-12-23,176.28,334.69,61.02,26.97
2021-12-27,180.33,342.45,61.89,27.14
2021-12-28,179.29,341.25,61.69,27.07
2021-12-29,179.38,341.95,61.15,26.99
2021-12-30,178.2,339.32,60.79,26.69
2021-12-31,177.57,336.32,61.19,26.63
2022-01-03,182.01,334.75,63.54,27.37
2022-01-04,179.7,329.01,65.93,28.55
2022-01-05,174.92,316.38,66.75,28.37
2022-01-06,172.0,313.88,68.32,28.81
2022-01-07,172.17,314.04,68.88,29.67
2022-01-10,172.19,314.27,68.47,29.56
2022-01-11,175.08,314.98,71.35,30.54
2022-01-12,175.53,318.27,71.14,31.19
2022-01-13,172.19,304.8,70.63,31.22
2022-01-14,173.07,310.2,71.87,32.04
2022-01-18,169.8,302.65,73.08,32.38
2022-01-19,166.23,303.33,73.11,32.1
2022-01-20,164.51,301.6,73.27,31.36
2022-01-21,162.41,296.03,72.17,30.71
2022-01-24,161.62,296.37,72.79,29.98
2022-01-25,159.78,288.49,74.93,31.4
2022-01-26,159.69,296.71,74.17,31.5
2022-01-27,159.22,299.84,75.12,31.53
2022-01-28,170.33,308.26,75.28,31.07
2022-01-31,174.78,310.98,75.96,30.92
2022-02-01,174.61,308.76,80.83,31.76
2022-02-02,175.84,313.46,80.62,31.96
2022-02-03,172.9,301.25,79.68,32.15
2022-02-04,172.39,305.94,81.41,32.88
2022-02-07,171.66,300.95,82.39,33.34
2022-02-08,174.83,304.56,80.26,32.81
2022-02-09,176.28,311.21,79.0,32.99
2022-02-10,172.12,302.38,78.24,33.06
2022-02-11,168.64,295.04,80.21,33.23
2022-02-14,168.88,295.0,78.98,32.45
2022-02-15,172.79,300.47,77.99,32.16
2022-02-16,172.55,299.5,78.35,32.48
2022-02-17,168.88,290.73,78.23,32.29
2022-02-18,167.3,287.93,77.36,31.77
2022-02-22,164.32,287.72,76.46,31.06
2022-02-23,160.07,280.27,76.77,31.13
2022-02-24,162.74,294.59,75.8,29.17
2022-02-25,164.85,297.31,77.84,30.73
2022-02-28,165.12,298.79,78.42,29.21
2022-03-01,163.2,294.95,79.17,28.49
2022-03-02,166.56,300.19,80.53,30.11
2022-03-03,166.23,295.92,81.04,28.74
2022-03-04,163.17,289.86,84.09,28.01
2022-03-07,159.3,278.91,87.12,28.5
2022-03-08,157.44,275.85,87.78,29.75
2022-03-09,162.95,288.5,82.79,29.03
2022-03-10,158.52,285.59,85.36,29.03
2022-03-11,154.73,280.07,84.92,28.27
2022-03-14,150.62,276.44,81.88,27.86
2022-03-15,155.09,287.15,77.22,28.05
2022-03-16,159.59,294.39,76.93,28.61
2022-03-17,160.62,295.22,78.98,29.04
2022-03-18,163.98,300.43,78.67,28.74
2022-03-21,165.38,299.16,82.2,29.8
2022-03-22,168.82,304.06,81.84,29.67
2022-03-23,170.21,299.49,83.13,30.76
2022-03-24,174.07,304.1,83.38,30.74
2022-03-25,174.72,303.68,85.2,31.05
2022-03-28,175.6,310.7,82.81,29.93
2022-03-29,178.96,315.41,82.37,29.61
2022-03-30,177.77,313.86,83.78,30.07
2022-03-31,174.61,308.31,82.59,29.4
2022-04-01,174.31,309.42,83.12,29.84
2022-04-04,178.44,314.97,83.16,29.79
2022-04-05,175.06,310.88,82.73,29.7
2022-04-06,171.83,299.5,83.65,29.59
2022-04-07,172.14,301.37,85.05,29.86
2022-04-08,170.09,296.97,86.84,30.47
2022-04-11,165.75,285.26,83.85,29.97
2022-04-12,167.66,282.06,85.6,30.54
2022-04-13,170.4,287.62,86.81,31.21
2022-04-14,165.29,279.83,87.83,31.29
2022-04-18,165.07,280.52,88.55,31.25
2022-04-19,167.4,285.3,87.76,31.41
2022-04-20,167.23,286.36,87.96,31.4
2022-04-21,166.42,280.81,87.03,30.81
2022-04-22,161.79,274.03,85.13,29.88
2022-04-25,162.88,280.72,82.26,28.73
2022-04-26,156.8,270.22,82.29,28.35
2022-04-27,156.57,283.22,84.64,28.6
2022-04-28,163.64,289.63,87.2,29.35
2022-04-29,157.65,277.52,85.25,28.72
2022-05-02,157.96,284.47,86.41,28.86
2022-05-03,159.48,281.78,88.19,31.18
2022-05-04,166.02,289.98,91.7,31.85
2022-05-05,156.77,277.35,90.31,31.22
2022-05-06,157.28,274.73,91.69,31.86
2022-05-09,152.06,264.58,84.46,29.68
2022-05-10,154.51,269.5,85.02,29.89
2022-05-11,146.5,260.55,86.79,30.22
2022-05-12,142.56,255.35,86.3,29.61
2022-05-13,147.11,261.12,88.86,30.49
2022-05-16,145.54,261.5,90.95,31.02
2022-05-17,149.24,266.82,92.11,31.48
2022-05-18,140.82,254.08,90.65,31.11
2022-05-19,137.35,253.14,91.14,31.03
2022-05-20,137.59,252.56,91.86,31.28
2022-05-23,143.11,260.65,93.89,32.11
2022-05-24,140.36,259.62,94.4,32.08
2022-05-25,140.52,262.52,96.3,32.37
2022-05-26,143.78,265.9,96.64,32.67
2022-05-27,149.64,273.24,97.59,32.56
2022-05-31,148.84,271.87,96.0,32.37
2022-06-01,148.71,272.42,97.84,32.69
2022-06-02,151.21,274.58,97.67,32.82
2022-06-03,145.38,270.02,99.09,32.98
2022-06-06,146.14,268.75,98.84,33.1
2022-06-07,148.71,272.5,103.37,34.19
2022-06-08,147.96,270.41,104.59,34.12
2022-06-09,142.64,264.79,102.33,33.52
2022-06-10,137.13,252.99,100.46,32.46
2022-06-13,131.88,242.26,95.85,31.22
2022-06-14,132.76,244.49,96.1,30.86
2022-06-15,135.43,251.76,94.89,31.02
2022-06-16,130.06,244.97,91.39,29.58
2022-06-17,131.56,247.65,86.12,27.76
2022-06-21,135.87,253.74,91.48,29.12
2022-06-22,135.35,253.13,87.86,28.09
2022-06-23,138.27,258.86,85.21,27.36
2022-06-24,141.66,267.7,86.9,28.23
2022-06-27,141.66,264.89,89.03,28.7
2022-06-28,137.44,256.48,91.5,29.07
2022-06-29,139.23,260.26,88.12,28.77
2022-06-30,136.72,256.83,85.64,28.35
2022-07-01,138.93,259.58,87.55,28.28
2022-07-05,141.56,262.85,84.81,27.15
2022-07-06,142.92,266.21,83.28,26.72
2022-07-07,146.35,268.4,85.94,27.78
2022-07-08,147.04,267.66,86.08,27.84
2022-07-11,144.87,264.51,85.64,27.46
2022-07-12,145.86,253.67,84.5,26.88
2022-07-13,145.49,252.72,84.84,27.01
2022-07-14,148.47,254.08,83.14,26.02
2022-07-15,150.17,256.72,84.54,26.66
2022-07-18,147.07,254.25,86.1,27.33
2022-07-19,151.0,259.53,88.27,28.06
2022-07-20,153.04,262.27,89.24,28.14
2022-07-21,155.35,264.84,87.75,27.78
2022-07-22,154.09,260.36,87.08,27.55
2022-07-25,152.95,258.83,89.98,28.12
2022-07-26,151.6,251.9,89.63,28.07
2022-07-27,156.79,268.74,91.57,28.76
2022-07-28,157.35,276.41,92.64,28.47
2022-07-29,162.51,280.74,96.93,29.38
2022-08-01,161.51,278.01,94.48,29.05
2022-08-02,160.01,274.82,94.07,29.36
2022-08-03,166.13,282.47,91.02,29.69
2022-08-04,165.81,283.65,87.19,29.35
2022-08-05,165.35,282.91,88.45,29.66
2022-08-08,164.87,280.32,88.95,30.16
2022-08-09,164.92,282.3,90.59,30.57
2022-08-10,169.24,289.16,91.45,30.8
2022-08-11,168.49,287.02,93.19,31.42
2022-08-12,172.1,291.91,94.0,31.67
2022-08-15,173.19,293.47,92.32,30.96
2022-08-16,173.03,292.71,91.46,30.93
2022-08-17,174.55,291.32,92.2,31.29
2022-08-18,174.15,290.17,94.38,31.92
2022-08-19,171.52,286.15,94.08,31.51
2022-08-22,167.57,277.75,94.01,31.71
2022-08-23,167.23,276.44,98.0,32.55
2022-08-24,167.53,275.79,98.58,32.29
2022-08-25,170.03,278.85,99.09,32.67
2022-08-26,163.62,268.09,97.87,32.33
2022-08-29,161.38,265.23,100.12,32.47
2022-08-30,158.91,262.97,96.31,31.42
2022-08-31,157.22,261.47,95.59,30.84
2022-09-01,157.96,260.4,93.87,30.59
2022-09-02,155.81,256.06,95.59,31.13
2022-09-06,154.53,253.25,94.95,31.13
2022-09-07,155.96,258.09,94.14,30.67
2022-09-08,154.46,258.52,94.91,30.7
2022-09-09,157.37,264.46,96.5,31.69
2022-09-12,163.43,266.65,97.61,32.13
2022-09-13,153.84,251.99,95.33,31.77
2022-09-14,155.31,252.22,97.67,32.08
2022-09-15,152.37,245.38,94.83,31.5
2022-09-16,150.7,244.74,93.21,31.01
2022-09-19,154.48,244.52,93.2,30.9
2022-09-20,156.9,242.45,92.44,31.0
2022-09-21,153.72,238.95,90.95,30.52
2022-09-22,152.74,240.98,90.57,30.79
2022-09-23,150.43,237.92,85.75,28.08
2022-09-26,150.77,237.45,83.98,27.26
2022-09-27,151.76,236.41,85.74,27.55
2022-09-28,149.84,241.07,88.86,28.56
2022-09-29,142.48,237.5,88.68,28.75
2022-09-30,138.2,232.9,87.31,28.55
